"smoking.country","smoking.year","smoking.daily cigarettes","smoking.percentage male","smoking.percentage female","smoking.percentage total","smoking.smokers total","smoking.smokers female","smoking.smokers male"
"Country","null","null","null","null","null","null","null","null"
"Afghanistan",1980,5.7,10.4,18.4,2.4,733520,81707,651813
"Afghanistan",1981,5.8,10.5,18.4,2.3,720102,79276,640826
"Afghanistan",1982,5.8,10.5,18.5,2.3,700415,76061,624355
"Afghanistan",1983,5.9,10.5,18.6,2.3,676984,72411,604572
"Afghanistan",1984,6,10.6,18.6,2.3,653812,68908,584905
"Afghanistan",1985,6.1,10.6,18.7,2.2,634732,65946,568786
"Afghanistan",1986,6.1,10.6,18.8,2.2,619871,63570,556301
"Afghanistan",1987,6.1,10.7,18.8,2.2,608651,61716,546936
"Afghanistan",1988,6,10.7,18.9,2.2,606307,60768,545540
"Afghanistan",1989,5.9,10.8,19,2.2,619534,61324,558210
"Afghanistan",1990,5.8,10.8,19.1,2.2,652030,63711,588319
"Afghanistan",1991,5.6,10.9,19.2,2.2,707278,68289,638989
"Afghanistan",1992,5.4,11,19.4,2.1,783101,74721,708380
"Afghanistan",1993,5.1,11.1,19.6,2.1,869965,82119,787847
"Afghanistan",1994,4.7,11.2,19.8,2.1,954455,89356,865100
"Afghanistan",1995,4.5,11.3,20.1,2.1,1028533,95703,932830
"Afghanistan",1996,4.3,11.4,20.4,2.2,1086454,100795,985659
"Afghanistan",1997,4.1,11.6,20.6,2.2,1131993,106644,1025349
"Afghanistan",1998,3.9,11.7,20.8,2.3,1163473,111314,1052159
"Afghanistan",1999,3.8,11.8,20.9,2.3,1192680,115541,1077138
"Afghanistan",2000,3.7,11.8,21,2.3,1228925,120114,1108812
"Afghanistan",2001,3.6,11.8,21,2.4,1274895,125384,1149511
"Afghanistan",2002,3.7,11.9,21,2.4,1329825,131469,1198356
"Afghanistan",2003,3.8,11.9,21.1,2.4,1390046,137947,1252098
"Afghanistan",2004,3.8,11.9,21.1,2.4,1449475,144378,1305098
"Afghanistan",2005,4,11.9,21.1,2.4,1504433,150483,1353950
"Afghanistan",2006,4.1,12,21.2,2.4,1553745,156158,1397587
"Afghanistan",2007,4.3,12,21.2,2.5,1599691,161714,1437977
"Afghanistan",2008,4.4,12,21.2,2.5,1644245,167313,1476933
"Afghanistan",2009,4.6,12,21.3,2.5,1691957,173446,1518511
"Afghanistan",2010,4.9,11.9,21.2,2.5,1743624,179969,1563656
"Afghanistan",2011,5.1,11.9,21.2,2.5,1800309,186782,1613527
"Afghanistan",2012,5.2,11.9,21.1,2.5,1862700,193836,1668864
"Albania",1980,18.7,21.3,38.4,3.4,360902,27584,333318
"Albania",1981,18.4,21.3,38.4,3.3,371658,28413,343245
"Albania",1982,18.2,21.3,38.4,3.3,382557,29246,353311
"Albania",1983,17.9,21.3,38.4,3.3,393867,30082,363785
"Albania",1984,17.7,21.3,38.4,3.3,405919,30947,374972
"Albania",1985,17.5,21.3,38.4,3.3,418871,31869,387002
"Albania",1986,17.3,21.3,38.3,3.3,433002,32809,400193
"Albania",1987,17,21.3,38.3,3.3,448005,33774,414231
"Albania",1988,16.8,21.3,38.3,3.3,462614,34717,427897
"Albania",1989,16.5,21.2,38.3,3.3,474490,35487,439003
"Albania",1990,16.4,21.2,38.3,3.3,482850,36047,446803
"Albania",1991,16.3,21.3,38.5,3.2,487892,36412,451479
"Albania",1992,16.3,21.3,38.7,3.2,489417,36574,452844
"Albania",1993,16.2,21.3,38.9,3.2,488078,36552,451527
"Albania",1994,16.1,21.4,39.1,3.2,485775,36458,449317
"Albania",1995,16.1,21.3,39.2,3.2,483593,36355,447238
"Albania",1996,16,21.2,39.3,3.2,481723,36235,445488
"Albania",1997,16.3,20.9,38.8,3.2,475222,35989,439233
"Albania",1998,16.5,20.6,38.4,3.1,470397,35767,434630
"Albania",1999,16.7,20.3,38,3.1,465894,35466,430428
"Albania",2000,16.8,20,37.6,3,461078,35035,426043
"Albania",2001,17.1,19.7,37,2.9,455877,34513,421364
"Albania",2002,17.4,19.4,36.4,2.9,450636,34027,416609
"Albania",2003,18.2,18.7,34.8,2.8,434588,33277,401310
"Albania",2004,18.9,18.1,33.6,2.8,422860,33057,389803
"Albania",2005,19,18.2,33.6,2.9,426583,34169,392414
"Albania",2006,19.1,18.4,33.8,3,433852,35832,398020
"Albania",2007,19.2,18.7,34.3,3.2,443830,37914,405916
"Albania",2008,19.2,19.1,34.9,3.4,455797,40251,415547
"Albania",2009,19.3,19.5,35.6,3.5,469352,42768,426584
"Albania",2010,19.5,19.8,36.2,3.6,481678,44575,437103
"Albania",2011,19.7,20.1,36.7,3.8,494981,46461,448520
"Albania",2012,19.9,20.5,37.3,3.9,509040,48426,460614
"Algeria",1980,19.1,15.6,30.5,0.8,1636110,44442,1591668
"Algeria",1981,18.9,15.7,30.6,0.8,1696285,45828,1650458
"Algeria",1982,18.8,15.7,30.7,0.8,1759249,47141,1712108
"Algeria",1983,18.7,15.8,30.8,0.8,1826283,48495,1777788
"Algeria",1984,18.5,15.8,30.9,0.8,1896411,49825,1846585
"Algeria",1985,18.3,15.9,31,0.8,1969586,51172,1918414
"Algeria",1986,18.2,15.9,31.1,0.8,2045829,52557,1993272
"Algeria",1987,18.1,16,31.2,0.8,2125295,53944,2071351
"Algeria",1988,18,16.1,31.3,0.8,2211486,55520,2155965
"Algeria",1989,17.8,16.2,31.5,0.8,2302051,57180,2244871
"Algeria",1990,17.7,16.3,31.7,0.8,2396876,58967,2337909
"Algeria",1991,17.6,16.4,31.9,0.8,2497165,60977,2436188
"Algeria",1992,17.4,16.5,32.1,0.8,2602202,62893,2539310
"Algeria",1993,17.3,16.6,32.3,0.8,2714059,64808,2649251
"Algeria",1994,17.2,16.7,32.5,0.8,2831649,66621,2765029
"Algeria",1995,17,16.8,32.8,0.8,2954172,68475,2885697
"Algeria",1996,16.8,16.9,33,0.8,3081682,70447,3011235
"Algeria",1997,17,16.7,32.4,0.8,3138907,72246,3066661
"Algeria",1998,17.2,16.3,31.8,0.8,3190250,73875,3116375
"Algeria",1999,17.4,16.1,31.2,0.8,3243047,75392,3167655
"Algeria",2000,17.5,15.8,30.7,0.7,3296121,76851,3219270
"Algeria",2001,17.7,15.5,30.1,0.7,3344091,78444,3265647
"Algeria",2002,18,15.2,29.5,0.7,3378788,80134,3298655
"Algeria",2003,18.8,14.4,27.9,0.7,3297692,81728,3215964
"Algeria",2004,19.7,13.6,26.4,0.7,3205753,83812,3121941
"Algeria",2005,20.7,12.9,24.9,0.7,3115071,86448,3028623
"Algeria",2006,21.6,12.3,23.7,0.7,3051530,90939,2960591
"Algeria",2007,22.5,11.8,22.7,0.8,2999483,96011,2903472
"Algeria",2008,23.3,11.4,21.9,0.8,2962131,101419,2860712
"Algeria",2009,24.1,11.1,21.3,0.8,2944512,107066,2837446
"Algeria",2010,24.6,10.9,20.8,0.8,2948128,112915,2835213
"Algeria",2011,24.6,11,21,0.9,3028690,117718,2910972
"Algeria",2012,24.4,11.2,21.3,0.9,3123101,122671,3000430
"Andorra",1980,17.6,30.5,36.7,24.8,7636,3244,4391
"Andorra",1981,17.8,30.6,36.8,24.9,8671,3676,4994
"Andorra",1982,18.1,30.7,37,24.9,9232,3909,5323
"Andorra",1983,18.4,30.8,37.1,25,9711,4105,5606
"Andorra",1984,18.8,30.9,37.4,25.1,10058,4244,5814
"Andorra",1985,19.1,31.1,37.5,25.1,10585,4457,6128
"Andorra",1986,19.3,31.2,37.7,25.1,11102,4663,6439
"Andorra",1987,19.5,31.2,37.8,25.1,11436,4791,6644
"Andorra",1988,19.5,31.2,37.8,25.1,11861,4960,6901
"Andorra",1989,19.5,31.2,37.8,25,12139,5067,7071
"Andorra",1990,19.5,31.1,37.7,24.9,12649,5272,7378
"Andorra",1991,19.4,31,37.7,24.9,13530,5629,7900
"Andorra",1992,19.5,31,37.7,24.8,14305,5937,8368
"Andorra",1993,19.7,31,37.7,24.7,15001,6207,8793
"Andorra",1994,19.8,31,37.8,24.7,15325,6324,9000
"Andorra",1995,20,31,37.8,24.6,15201,6255,8946
"Andorra",1996,20.1,30.9,37.8,24.5,15240,6256,8984
"Andorra",1997,20,30.8,37.7,24.4,15387,6318,9069
"Andorra",1998,19.9,30.7,37.5,24.4,15548,6400,9148
"Andorra",1999,19.6,30.6,37.2,24.4,15598,6442,9156
"Andorra",2000,19.4,30.5,37,24.4,15541,6442,9100
"Andorra",2001,19.1,30.2,36.5,24.3,15479,6441,9038
"Andorra",2002,18.8,30,36.1,24.2,15516,6477,9039
"Andorra",2003,18.6,29.5,35.5,24,15952,6683,9269
"Andorra",2004,18.4,29.1,34.8,23.7,16734,7039,9695
"Andorra",2005,18.3,28.6,34.1,23.4,17121,7228,9893
"Andorra",2006,18.2,28.1,33.5,23.1,17322,7339,9983
"Andorra",2007,18.2,27.7,32.8,22.8,17576,7467,10109
"Andorra",2008,18.4,27.3,32.3,22.6,17716,7539,10177
"Andorra",2009,18.7,27,31.9,22.3,17751,7559,10191
"Andorra",2010,19.1,26.7,31.6,22.1,17718,7544,10174
"Andorra",2011,19.6,26.6,31.5,22,17686,7528,10158
"Andorra",2012,19.9,26.6,31.5,22,17757,7542,10216
"Angola",1980,22.7,8.7,16.7,1.1,355432,23628,331804
"Angola",1981,22.9,8.7,16.8,1.1,368686,24330,344356
"Angola",1982,23.1,8.8,16.8,1.1,383039,25088,357951
"Angola",1983,23.3,8.8,16.9,1.1,397824,25849,371975
"Angola",1984,23.5,8.8,16.9,1.1,412279,26596,385683
"Angola",1985,23.5,8.8,17,1.1,425787,27310,398476
"Angola",1986,23.6,8.9,17,1.1,437990,27988,410002
"Angola",1987,23.5,8.9,17.1,1.1,448940,28647,420293
"Angola",1988,23.5,8.9,17.1,1.1,459222,29311,429912
"Angola",1989,23.4,8.9,17.1,1.1,470041,30010,440031
"Angola",1990,23.3,8.9,17.1,1.1,482103,30761,451343
"Angola",1991,23.2,8.9,17,1.1,495826,31601,464225
"Angola",1992,23.2,8.9,17,1.1,511147,32563,478584
"Angola",1993,23.3,8.9,17,1.1,528509,33604,494905
"Angola",1994,23.4,8.9,17,1.1,546030,34617,511413
"Angola",1995,23.4,8.9,17.1,1.1,562869,35600,527270
"Angola",1996,23.2,8.9,17,1.1,577854,36546,541308
"Angola",1997,23,8.9,17,1.1,593637,38334,555304
"Angola",1998,22.7,8.9,17,1.2,610351,40950,569400
"Angola",1999,22.4,8.9,16.9,1.2,628396,43849,584547
"Angola",2000,22.1,8.9,16.9,1.3,648075,46818,601257
"Angola",2001,21.9,8.9,16.9,1.3,670045,49824,620221
"Angola",2002,21.5,8.9,16.8,1.3,693035,52818,640216
"Angola",2003,21.3,8.9,16.8,1.4,717513,55809,661704
"Angola",2004,21,8.9,16.8,1.4,742615,58755,683860
"Angola",2005,20.6,8.9,16.7,1.4,767136,61608,705528
"Angola",2006,20.1,8.9,16.6,1.4,791084,64417,726667
"Angola",2007,19.6,8.8,16.5,1.4,814860,67120,747739
"Angola",2008,19,8.8,16.5,1.4,839378,69819,769559
"Angola",2009,18.6,8.8,16.4,1.4,865678,72575,793103
"Angola",2010,18.3,8.8,16.4,1.4,893543,75343,818200
"Angola",2011,18.1,8.7,16.3,1.5,923026,78239,844787
"Angola",2012,17.9,8.7,16.3,1.5,954216,81267,872950
"Antigua and Barbuda",1980,119.5,5.2,8.2,2.4,2425,589,1836
"Antigua and Barbuda",1981,116.6,5.1,8,2.4,2398,584,1814
"Antigua and Barbuda",1982,114.3,5,7.9,2.4,2371,580,1790
"Antigua and Barbuda",1983,111.3,4.9,7.7,2.3,2313,572,1741
"Antigua and Barbuda",1984,107.3,4.8,7.5,2.3,2228,558,1670
"Antigua and Barbuda",1985,102.4,4.6,7.2,2.2,2133,542,1591
"Antigua and Barbuda",1986,96.6,4.4,6.9,2.2,2027,523,1504
"Antigua and Barbuda",1987,90.5,4.3,6.6,2.2,1926,504,1421
"Antigua and Barbuda",1988,84.4,4.2,6.4,2.1,1835,487,1348
"Antigua and Barbuda",1989,78.8,4,6.2,2.1,1764,474,1291
"Antigua and Barbuda",1990,74.1,4,6,2.1,1723,466,1257
"Antigua and Barbuda",1991,70.3,3.9,5.9,2,1711,464,1248
"Antigua and Barbuda",1992,67.5,3.9,5.9,2,1728,468,1261
"Antigua and Barbuda",1993,65,3.8,5.8,2,1758,475,1283
"Antigua and Barbuda",1994,62.6,3.8,5.8,2,1792,486,1306
"Antigua and Barbuda",1995,61.2,3.8,5.7,2,1835,502,1333
"Antigua and Barbuda",1996,59.6,3.8,5.7,2,1873,520,1353
"Antigua and Barbuda",1997,58.2,3.7,5.7,2,1905,538,1366
"Antigua and Barbuda",1998,56.7,3.7,5.6,2,1932,556,1376
"Antigua and Barbuda",1999,55.1,3.6,5.6,2,1956,571,1385
"Antigua and Barbuda",2000,53.7,3.6,5.5,2,1976,581,1396
"Antigua and Barbuda",2001,52.5,3.6,5.5,1.9,1998,586,1412
"Antigua and Barbuda",2002,51.2,3.5,5.4,1.9,2014,587,1428
"Antigua and Barbuda",2003,49.8,3.5,5.4,1.9,2028,585,1443
"Antigua and Barbuda",2004,48.3,3.5,5.3,1.9,2039,584,1455
"Antigua and Barbuda",2005,46.5,3.5,5.3,1.9,2052,588,1464
"Antigua and Barbuda",2006,44.1,3.4,5.2,1.9,2060,594,1466
"Antigua and Barbuda",2007,41.3,3.4,5.1,1.9,2069,604,1465
"Antigua and Barbuda",2008,39.1,3.4,5,1.9,2088,617,1471
"Antigua and Barbuda",2009,38.2,3.4,5,1.9,2121,634,1486
"Antigua and Barbuda",2010,38.1,3.4,5,1.9,2157,648,1508
"Antigua and Barbuda",2011,38.5,3.4,5,1.9,2197,662,1536
"Antigua and Barbuda",2012,38.9,3.4,5,1.9,2236,673,1563
"Argentina",1980,19.3,26.3,30.8,22,5141750,2210148,2931602
"Argentina",1981,19.2,26.1,30.6,21.9,5176002,2229579,2946423
"Argentina",1982,19.2,26,30.5,21.8,5222601,2251315,2971286
"Argentina",1983,19.1,25.9,30.4,21.7,5270415,2272455,2997959
"Argentina",1984,19.1,25.8,30.2,21.6,5318259,2292309,3025950
"Argentina",1985,19.1,25.7,30.1,21.5,5375991,2316159,3059832
"Argentina",1986,19.1,25.5,30,21.4,5427830,2339868,3087962
"Argentina",1987,19.1,25.4,29.8,21.3,5483239,2366461,3116779
"Argentina",1988,19.1,25.3,29.7,21.2,5547633,2396695,3150938
"Argentina",1989,19.1,25.3,29.7,21.2,5627009,2432776,3194233
"Argentina",1990,19.1,25.3,29.7,21.2,5711538,2471415,3240123
"Argentina",1991,19,25.2,29.5,21.1,5788048,2509421,3278627
"Argentina",1992,18.8,25,29.3,21.1,5862939,2550732,3312207
"Argentina",1993,18.5,24.9,29,21,5937593,2592532,3345061
"Argentina",1994,18.2,24.8,28.8,21,6008934,2633558,3375376
"Argentina",1995,18,24.7,28.6,21,6091760,2678275,3413485
"Argentina",1996,17.8,24.6,28.5,21,6175547,2724716,3450831
"Argentina",1997,17.6,24.4,28.2,20.8,6210715,2744874,3465842
"Argentina",1998,17.5,24.1,27.9,20.6,6231683,2753661,3478021
"Argentina",1999,17.5,23.9,27.7,20.4,6266828,2765402,3501425
"Argentina",2000,17.5,23.7,27.5,20.2,6315848,2780452,3535396
"Argentina",2001,17.6,23.6,27.5,20,6378514,2797441,3581073
"Argentina",2002,17.7,23.6,27.6,19.9,6460856,2821133,3639723
"Argentina",2003,17.9,23.6,27.6,19.8,6530178,2839831,3690347
"Argentina",2004,18,23.4,27.5,19.6,6578400,2851670,3726730
"Argentina",2005,18.1,23.2,27.3,19.3,6598388,2850828,3747559
"Argentina",2006,18.3,22.7,26.8,18.8,6543968,2813769,3730200
"Argentina",2007,18.5,22.2,26.3,18.3,6478164,2770469,3707695
"Argentina",2008,18.6,21.7,25.9,17.8,6416750,2723762,3692988
"Argentina",2009,18.8,21.2,25.4,17.2,6348211,2669364,3678848
"Argentina",2010,19.1,20.5,24.8,16.5,6218327,2580572,3637755
"Argentina",2011,19.4,19.8,24.2,15.7,6085273,2492561,3592711
"Argentina",2012,19.7,19.3,23.7,15.1,5987695,2425107,3562587
"Armenia",1980,22.3,26,51.8,2.4,560278,27387,532890
"Armenia",1981,22.1,26.2,52.2,2.5,576592,28215,548377
"Armenia",1982,21.8,26.5,52.6,2.5,591772,28962,562811
"Armenia",1983,21.7,26.7,53.1,2.5,606217,29650,576567
"Armenia",1984,21.6,27,53.6,2.5,620530,30345,590186
"Armenia",1985,21.5,27.2,54,2.6,635163,31100,604063
"Armenia",1986,21.4,27.4,54.5,2.6,650468,31953,618516
"Armenia",1987,21.4,27.6,54.9,2.6,666044,32903,633141
"Armenia",1988,21.4,27.8,55.2,2.7,679682,33858,645824
"Armenia",1989,21.4,27.9,55.6,2.7,688658,34691,653967
"Armenia",1990,21.6,28,55.9,2.7,691309,35312,655997
"Armenia",1991,21.8,28.1,56.2,2.8,686801,35697,651103
"Armenia",1992,22.1,28.1,56.6,2.8,676808,35943,640864
"Armenia",1993,22.5,28.2,57,2.9,663085,36028,627057
"Armenia",1994,22.9,28.1,57.2,2.9,648834,36139,612695
"Armenia",1995,23.4,28,57.3,3,637232,36245,600987
"Armenia",1996,23.8,27.9,57.4,3,629091,36353,592738
"Armenia",1997,24.5,27.5,57,2.8,619192,34646,584546
"Armenia",1998,25.1,27.2,56.6,2.7,612686,33231,579455
"Armenia",1999,25.5,26.9,56.2,2.6,609215,31982,577233
"Armenia",2000,25.8,26.7,55.7,2.5,607845,30650,577195
"Armenia",2001,26,26.4,55.1,2.3,605465,28353,577112
"Armenia",2002,26,26.2,54.5,2.1,606408,26413,579996
"Armenia",2003,25.9,26.2,54.1,2,609887,24813,585074
"Armenia",2004,25.6,26.2,53.7,1.9,614375,23514,590862
"Armenia",2005,25.2,26.3,53.3,1.8,618988,22475,596512
"Armenia",2006,24.9,26.3,52.8,1.8,620158,21728,598431
"Armenia",2007,24.6,26.3,52.2,1.7,620281,21156,599125
"Armenia",2008,24.3,26.3,51.7,1.7,620155,20715,599440
"Armenia",2009,24,26.4,51.4,1.7,620825,20441,600384
"Armenia",2010,23.7,26.4,51.2,1.7,622517,20340,602177
"Armenia",2011,23.4,26.6,51.3,1.7,626850,20498,606352
"Armenia",2012,23.1,26.7,51.5,1.8,631086,20821,610265
"Australia",1980,24.5,30.5,34.4,26.8,3355016,1484506,1870510
"Australia",1981,24.4,30,33.7,26.4,3364053,1495378,1868674
"Australia",1982,24.3,29.6,33.1,26.2,3380260,1509591,1870669
"Australia",1983,24.3,29.1,32.4,25.9,3391400,1523179,1868222
"Australia",1984,24.3,28.5,31.5,25.6,3375172,1529566,1845606
"Australia",1985,24.2,27.8,30.4,25.2,3353929,1535634,1818295
"Australia",1986,24.1,27.1,29.4,24.8,3334770,1539312,1795458
"Australia",1987,23.9,26.4,28.6,24.3,3321084,1539836,1781248
"Australia",1988,23.7,25.8,27.9,23.8,3313344,1538660,1774684
"Australia",1989,23.3,25.4,27.5,23.3,3317820,1541013,1776807
"Australia",1990,22.9,25.1,27.3,23,3338082,1545244,1792838
"Australia",1991,22.7,24.9,27.1,22.7,3360141,1550622,1809519
"Australia",1992,22.4,24.7,27,22.5,3378500,1556379,1822121
"Australia",1993,22.1,24.6,26.8,22.3,3396002,1563979,1832023
"Australia",1994,21.9,24.2,26.4,22.1,3390339,1566890,1823449
"Australia",1995,21.7,23.8,25.9,21.9,3382914,1571260,1811654
"Australia",1996,21.5,23.4,25.3,21.5,3370175,1571726,1798449
"Australia",1997,21.3,23,24.8,21.2,3350770,1566609,1784160
"Australia",1998,21,22.5,24.3,20.8,3328343,1557835,1770507
"Australia",1999,20.8,21.9,23.8,20.1,3285821,1530452,1755368
"Australia",2000,20.7,21.4,23.4,19.5,3250473,1503713,1746761
"Australia",2001,20.5,20.9,23,18.9,3222749,1480815,1741934
"Australia",2002,20.3,20.4,22.5,18.4,3196807,1461459,1735348
"Australia",2003,20.2,19.9,22.1,17.9,3166639,1442434,1724204
"Australia",2004,20.1,19.4,21.5,17.4,3129217,1422859,1706358
"Australia",2005,20.1,18.9,20.9,16.9,3087272,1403957,1683315
"Australia",2006,20.2,18.3,20.2,16.4,3044524,1384748,1659776
"Australia",2007,20.3,17.7,19.5,15.9,3006203,1367864,1638339
"Australia",2008,20.4,17.2,19,15.5,2988559,1360640,1627919
"Australia",2009,20.5,16.8,18.5,15.1,2979659,1356975,1622685
"Australia",2010,20.5,16.4,18.1,14.8,2944091,1341872,1602219
"Australia",2011,20.4,16.3,17.9,14.7,2938308,1340226,1598082
"Australia",2012,20.1,16.3,17.8,14.7,2961263,1354856,1606407
"Austria",1980,30.8,26.1,33.4,19.7,1564894,636203,928691
"Austria",1981,30.6,25.6,33,19.3,1552093,626040,926053
"Austria",1982,30.1,25.5,33.1,19,1555638,618649,936989
"Austria",1983,29.5,25.5,33.4,18.7,1560443,611039,949404
"Austria",1984,28.8,25.6,33.8,18.5,1575031,606807,968224
"Austria",1985,28.2,25.7,34.2,18.3,1590228,604478,985750
"Austria",1986,27.5,26,34.6,18.4,1610220,607059,1003161
"Austria",1987,26.5,26.5,35.1,18.9,1648263,624944,1023319
"Austria",1988,25.6,27.1,35.6,19.5,1690169,648186,1041982
"Austria",1989,24.6,27.6,35.9,20.3,1735826,675615,1060211
"Austria",1990,23.7,28.1,36.1,21,1782252,704458,1077794
"Austria",1991,22.9,28.6,36.2,21.7,1826640,732574,1094066
"Austria",1992,22.5,28.8,36.1,22.3,1860854,757323,1103531
"Austria",1993,22.2,29,35.9,22.7,1884044,775803,1108241
"Austria",1994,22.2,28.9,35.6,22.9,1886001,782909,1103092
"Austria",1995,22.3,28.6,35,22.7,1865505,777451,1088054
"Austria",1996,22.5,28.1,34.3,22.4,1838227,768796,1069431
"Austria",1997,22.5,27.9,34,22.4,1835214,771473,1063741
"Austria",1998,21.6,28.7,34.7,23.3,1891378,802327,1089051
"Austria",1999,20.7,29.7,35.5,24.3,1961512,841498,1120013
"Austria",2000,19.9,30.4,36,25.3,2020904,878852,1142052
"Austria",2001,19.2,31.1,36.3,26.3,2078882,915747,1163135
"Austria",2002,18.8,31.6,36.5,27,2125994,946866,1179128
"Austria",2003,18.7,31.5,36.2,27.1,2136144,957877,1178268
"Austria",2004,18.8,31.1,35.7,27,2132330,959119,1173210
"Austria",2005,19,30.5,35.1,26.3,2109607,943268,1166338
"Austria",2006,19.2,29.8,34.4,25.6,2080950,924958,1155991
"Austria",2007,19.2,29.4,34.1,25.1,2067054,912791,1154263
"Austria",2008,19.1,29.2,34,24.7,2064563,905549,1159015
"Austria",2009,19.1,29.2,34.2,24.6,2078843,904335,1174508
"Austria",2010,19,29.2,34.3,24.5,2088106,904509,1183597
"Austria",2011,18.9,29.2,34.3,24.4,2097089,906331,1190758
"Austria",2012,18.8,29.3,34.4,24.4,2109044,910273,1198771
"Azerbaijan",1980,20.4,20.2,41.4,0.9,814426,18303,796122
"Azerbaijan",1981,20,20.3,41.6,0.9,840708,18900,821808
"Azerbaijan",1982,19.5,20.4,41.9,0.9,867301,19499,847803
"Azerbaijan",1983,19.1,20.6,42.3,0.9,893189,20073,873115
"Azerbaijan",1984,18.7,20.7,42.6,0.9,916807,20591,896216
"Azerbaijan",1985,18.4,20.9,42.9,0.9,937310,21021,916289
"Azerbaijan",1986,18.1,21,43.1,0.9,955588,21409,934179
"Azerbaijan",1987,18,21.1,43.3,0.9,970657,21752,948906
"Azerbaijan",1988,17.9,21.2,43.4,0.9,984463,22078,962385
"Azerbaijan",1989,17.8,21.3,43.6,0.9,999508,22398,977110
"Azerbaijan",1990,17.6,21.4,43.8,0.9,1015868,22692,993176
"Azerbaijan",1991,17.4,21.5,44,0.9,1035083,23010,1012073
"Azerbaijan",1992,17,21.5,44,0.9,1052460,23238,1029222
"Azerbaijan",1993,16.4,21.5,44,0.9,1067887,23416,1044471
"Azerbaijan",1994,15.8,21.4,43.7,0.9,1079956,23633,1056323
"Azerbaijan",1995,15,21.2,43.4,0.9,1088491,23797,1064694
"Azerbaijan",1996,14.4,21,43,0.9,1094683,23972,1070711
"Azerbaijan",1997,13.9,20.8,42.6,0.9,1099422,23994,1075428
"Azerbaijan",1998,13.5,20.5,42.2,0.9,1105618,24060,1081558
"Azerbaijan",1999,13.2,20.4,41.9,0.8,1116822,24220,1092602
"Azerbaijan",2000,13.1,20.3,41.6,0.8,1133760,24421,1109339
"Azerbaijan",2001,13.1,20.2,41.5,0.8,1156530,24761,1131769
"Azerbaijan",2002,13.2,20.2,41.4,0.8,1184983,25202,1159781
"Azerbaijan",2003,13.4,20.2,41.3,0.8,1218512,25761,1192751
"Azerbaijan",2004,13.7,20.3,41.4,0.8,1255303,26369,1228934
"Azerbaijan",2005,14.1,20.5,41.7,0.8,1297283,27108,1270175
"Azerbaijan",2006,14.8,20.7,42.1,0.8,1345112,28022,1317091
"Azerbaijan",2007,15.5,21,42.7,0.8,1395636,29041,1366595
"Azerbaijan",2008,16.1,21.3,43.2,0.9,1445241,30055,1415187
"Azerbaijan",2009,16.5,21.6,43.7,0.9,1493864,31062,1462802
"Azerbaijan",2010,16.8,21.9,44.3,0.9,1540019,31967,1508052
"Azerbaijan",2011,17,22.2,44.7,0.9,1582090,32782,1549308
"Azerbaijan",2012,17,22.4,45.2,0.9,1622189,33504,1588685
"Bahamas",1980,38.9,11.1,17.3,5.1,14684,3454,11230
"Bahamas",1981,37.9,11,17.2,5.1,15054,3549,11505
"Bahamas",1982,36.7,11,17.1,5.1,15431,3655,11777
"Bahamas",1983,35.4,10.9,17,5.1,15819,3771,12049
"Bahamas",1984,33.9,10.9,16.9,5.1,16168,3879,12288
"Bahamas",1985,32.4,10.8,16.8,5.1,16511,3989,12522
"Bahamas",1986,31.1,10.8,16.7,5.1,16867,4097,12770
"Bahamas",1987,30,10.7,16.5,5.1,17236,4209,13027
"Bahamas",1988,28.9,10.7,16.5,5.1,17626,4328,13298
"Bahamas",1989,27.9,10.7,16.4,5.2,18017,4454,13563
"Bahamas",1990,27.1,10.7,16.3,5.2,18466,4598,13868
"Bahamas",1991,26.4,10.7,16.4,5.3,19009,4765,14243
"Bahamas",1992,26,10.8,16.5,5.4,19629,4952,14676
"Bahamas",1993,25.7,11,16.7,5.5,20273,5150,15123
"Bahamas",1994,25.4,11.1,16.8,5.5,20887,5351,15536
"Bahamas",1995,25.1,11.2,16.9,5.6,21441,5552,15889
"Bahamas",1996,24.7,11.2,17,5.7,21918,5749,16169
"Bahamas",1997,25,10.9,16.7,5.5,21664,5622,16043
"Bahamas",1998,25.1,10.7,16.4,5.3,21515,5528,15987
"Bahamas",1999,25,10.5,16.2,5.1,21511,5476,16035
"Bahamas",2000,24.7,10.3,16,5,21679,5466,16213
"Bahamas",2001,24.4,10.2,15.9,4.9,22015,5500,16515
"Bahamas",2002,24.1,10.1,15.8,4.8,22493,5570,16923
"Bahamas",2003,24,10,15.8,4.7,23096,5668,17427
"Bahamas",2004,23.9,10,15.7,4.7,23759,5784,17975
"Bahamas",2005,23.8,10,15.7,4.7,24416,5903,18513
"Bahamas",2006,23.7,9.9,15.7,4.6,25064,6025,19040
"Bahamas",2007,23.7,9.9,15.6,4.6,25729,6157,19572
"Bahamas",2008,23.9,9.9,15.7,4.6,26434,6303,20131
"Bahamas",2009,24.1,10,15.7,4.6,27186,6453,20733
"Bahamas",2010,24.4,10,15.8,4.6,27931,6600,21331
"Bahamas",2011,24.6,10,15.9,4.6,28657,6740,21917
"Bahamas",2012,24.7,10.1,16,4.6,29346,6875,22471
"Bahrain",1980,19.1,17.3,24,6.2,40835,5472,35364
"Bahrain",1981,18.9,17.5,24.3,6.2,43047,5799,37248
"Bahrain",1982,19,17.5,24.4,6.3,44536,6154,38382
"Bahrain",1983,19.1,17.4,24.4,6.4,45624,6516,39108
"Bahrain",1984,19.3,17.2,24.3,6.4,46495,6854,39641
"Bahrain",1985,19.6,17,24,6.4,47316,7148,40168
"Bahrain",1986,20.1,16.7,23.5,6.4,48101,7385,40716
"Bahrain",1987,20.7,16.3,22.9,6.4,48804,7576,41228
"Bahrain",1988,21.3,15.9,22.2,6.3,49495,7756,41739
"Bahrain",1989,22,15.6,21.6,6.3,50105,7935,42170
"Bahrain",1990,22.6,15.2,21,6.2,50728,8145,42582
"Bahrain",1991,23.1,14.9,20.5,6.2,51565,8412,43153
"Bahrain",1992,23.3,14.8,20.4,6.2,52978,8644,44334
"Bahrain",1993,23.4,14.7,20.3,6.1,54518,8905,45614
"Bahrain",1994,23.5,14.7,20.2,6.1,56040,9165,46875
"Bahrain",1995,23.6,14.6,20.2,6.1,57493,9436,48057
"Bahrain",1996,23.7,14.6,20.2,6,58814,9708,49106
"Bahrain",1997,24,14.4,20,5.9,59543,9751,49792
"Bahrain",1998,24.5,14,19.7,5.6,59966,9651,50315
"Bahrain",1999,26,13.2,18.8,5,58489,8865,49624
"Bahrain",2000,27.4,12.5,18,4.4,57985,8174,49811
"Bahrain",2001,28.2,12.1,17.5,4,58916,7692,51224
"Bahrain",2002,27.2,12.5,18.1,3.9,64235,7864,56371
"Bahrain",2003,25.7,13.2,19,3.9,71990,8275,63715
"Bahrain",2004,23.9,14.1,20.2,4.1,83000,8989,74011
"Bahrain",2005,22,15.2,21.7,4.2,97778,10036,87741
"Bahrain",2006,20.1,16.4,23.3,4.4,116897,11444,105453
"Bahrain",2007,18.5,17.6,24.9,4.7,139652,13153,126499
"Bahrain",2008,17.6,18.3,25.7,4.8,160060,14879,145181
"Bahrain",2009,17.1,18.8,26.2,5,177840,16500,161339
"Bahrain",2010,16.9,19,26.4,5.1,190737,17850,172887
"Bahrain",2011,16.9,19.1,26.5,5.2,197864,18821,179043
"Bahrain",2012,17,19,26.4,5.3,200159,19480,180679
"Bangladesh",1980,9.3,24.6,45.5,1.7,11293245,369477,10923768
"Bangladesh",1981,9.2,24.5,45.2,1.7,11582130,378311,11203820
"Bangladesh",1982,9.1,24.4,45,1.7,11887603,386753,11500851
"Bangladesh",1983,9,24.4,44.8,1.7,12209960,394783,11815177
"Bangladesh",1984,8.8,24.3,44.6,1.6,12543836,402981,12140855
"Bangladesh",1985,8.7,24.2,44.5,1.6,12888980,412054,12476926
"Bangladesh",1986,8.5,24.1,44.3,1.6,13251651,421681,12829970
"Bangladesh",1987,8.4,24.1,44.2,1.6,13629358,431210,13198147
"Bangladesh",1988,8.2,24,44.1,1.6,14015215,440956,13574259
"Bangladesh",1989,8,23.9,44,1.6,14403888,450617,13953271
"Bangladesh",1990,7.8,23.8,43.9,1.6,14786930,459493,14327437
"Bangladesh",1991,7.6,23.6,43.7,1.5,15161601,467769,14693832
"Bangladesh",1992,7.4,23.5,43.5,1.5,15523009,476062,15046948
"Bangladesh",1993,7.2,23.4,43.3,1.5,15885115,484409,15400707
"Bangladesh",1994,7,23.2,43.1,1.5,16267239,494298,15772942
"Bangladesh",1995,6.8,23.1,43,1.5,16670371,504605,16165766
"Bangladesh",1996,6.6,23,42.8,1.4,17095713,514935,16580778
"Bangladesh",1997,6.4,22.9,42.7,1.4,17553987,529777,17024210
"Bangladesh",1998,6.1,22.8,42.6,1.4,18016354,541372,17474981
"Bangladesh",1999,5.9,22.8,42.6,1.4,18503259,553951,17949308
"Bangladesh",2000,5.6,22.8,42.6,1.4,19014894,567394,18447500
"Bangladesh",2001,5.4,22.9,42.8,1.4,19575053,582470,18992582
"Bangladesh",2002,5.1,23,43.1,1.4,20180474,602230,19578244
"Bangladesh",2003,4.8,23.3,43.8,1.5,21008853,662256,20346598
"Bangladesh",2004,4.5,23.5,44.1,1.6,21630563,720567,20909996
"Bangladesh",2005,4.3,23.4,44.1,1.6,22035646,724420,21311226
"Bangladesh",2006,4.1,23.3,43.9,1.5,22330758,720695,21610062
"Bangladesh",2007,3.9,23.1,43.7,1.5,22540179,712258,21827921
"Bangladesh",2008,3.8,22.8,43.4,1.4,22693137,704269,21988868
"Bangladesh",2009,3.6,22.6,43.1,1.4,22869372,698950,22170421
"Bangladesh",2010,3.4,22.5,43,1.4,23204268,704126,22500142
"Bangladesh",2011,3.2,22.4,43,1.4,23586140,724048,22862092
"Bangladesh",2012,3,22.4,42.9,1.4,24013742,750115,23263625
"Barbados",1980,39.3,6.7,11.9,2.2,11786,2070,9716
"Barbados",1981,38,6.8,12,2.2,12000,2102,9898
"Barbados",1982,37.1,6.8,12.1,2.2,12290,2140,10149
"Barbados",1983,36.3,6.9,12.3,2.3,12605,2181,10424
"Barbados",1984,35.5,7,12.4,2.3,12889,2216,10673
"Barbados",1985,34.8,7,12.4,2.3,13132,2246,10885
"Barbados",1986,34,7,12.4,2.3,13287,2266,11021
"Barbados",1987,33.1,7,12.4,2.3,13394,2279,11115
"Barbados",1988,32.2,7,12.3,2.2,13457,2284,11173
"Barbados",1989,31.3,6.9,12.1,2.2,13480,2282,11198
"Barbados",1990,30.8,6.9,12,2.2,13509,2276,11233
"Barbados",1991,30.7,6.8,12,2.2,13532,2262,11270
"Barbados",1992,30.9,6.8,11.9,2.2,13581,2255,11325
"Barbados",1993,31.2,6.8,11.8,2.1,13604,2245,11358
"Barbados",1994,31.6,6.8,11.8,2.1,13632,2236,11396
"Barbados",1995,31.8,6.7,11.7,2.1,13663,2224,11439
"Barbados",1996,32,6.7,11.6,2.1,13686,2210,11476
"Barbados",1997,32,6.7,11.5,2.1,13636,2179,11457
"Barbados",1998,31.8,6.6,11.4,2,13574,2148,11426
"Barbados",1999,31.5,6.5,11.2,2,13515,2121,11394
"Barbados",2000,31.2,6.5,11.1,2,13471,2101,11370
"Barbados",2001,31,6.4,11,2,13467,2093,11374
"Barbados",2002,30.9,6.4,10.9,1.9,13491,2093,11398
"Barbados",2003,30.8,6.3,10.9,1.9,13524,2099,11426
"Barbados",2004,30.4,6.3,10.8,1.9,13543,2107,11436
"Barbados",2005,30,6.2,10.7,1.9,13551,2116,11435
"Barbados",2006,29.5,6.2,10.6,1.9,13560,2127,11434
"Barbados",2007,28.8,6.1,10.5,1.9,13576,2138,11438
"Barbados",2008,28.1,6.1,10.4,1.9,13616,2151,11466
"Barbados",2009,27.7,6.1,10.4,1.9,13687,2168,11519
"Barbados",2010,27.3,6.1,10.3,1.9,13748,2186,11562
"Barbados",2011,26.8,6.1,10.3,1.9,13802,2204,11597
"Barbados",2012,26.3,6,10.2,1.9,13827,2212,11615
"Belarus",1980,14.5,27.3,49.2,9.3,2025347,378832,1646515
"Belarus",1981,14.5,27.5,49.6,9.3,2063107,384691,1678415
"Belarus",1982,14.6,27.8,50.1,9.4,2100275,389852,1710424
"Belarus",1983,14.7,28.1,50.6,9.5,2134678,394155,1740523
"Belarus",1984,14.8,28.3,51.1,9.5,2166956,398414,1768542
"Belarus",1985,14.9,28.6,51.6,9.6,2198602,403033,1795569
"Belarus",1986,15.1,28.9,52.1,9.7,2231899,407695,1824205
"Belarus",1987,15.3,29.2,52.6,9.7,2263766,411200,1852565
"Belarus",1988,15.6,29.5,53.1,9.8,2294239,414066,1880173
"Belarus",1989,15.8,29.7,53.5,9.8,2324748,416850,1907898
"Belarus",1990,16.1,29.9,53.9,9.8,2347529,418609,1928920
"Belarus",1991,16.3,30.2,54.3,9.9,2368324,420370,1947954
"Belarus",1992,16.5,30.3,54.5,9.9,2390063,421704,1968359
"Belarus",1993,16.6,30.4,54.6,9.8,2407585,422276,1985309
"Belarus",1994,16.6,30.3,54.5,9.8,2406203,421891,1984313
"Belarus",1995,16.6,30.1,54.3,9.7,2397560,419610,1977951
"Belarus",1996,16.5,30,54.2,9.6,2396350,415754,1980596
"Belarus",1997,16.8,29.7,53.5,9.5,2377781,412425,1965356
"Belarus",1998,17.2,29.3,52.7,9.4,2358410,410654,1947756
"Belarus",1999,17.7,28.9,51.9,9.4,2338979,409812,1929167
"Belarus",2000,18.3,28.6,51.2,9.3,2320364,410431,1909933
"Belarus",2001,19.3,27.9,49.7,9.4,2271072,412540,1858532
"Belarus",2002,20.4,27.1,48,9.4,2214387,415898,1798489
"Belarus",2003,21.6,26.4,46.4,9.5,2158715,420240,1738475
"Belarus",2004,22.8,25.9,45.1,9.6,2113621,425239,1688382
"Belarus",2005,24.1,25.5,44.1,9.7,2078616,430097,1648519
"Belarus",2006,25.3,25.2,43.4,9.8,2053342,434391,1618951
"Belarus",2007,26.5,25.1,43.1,9.9,2039936,437685,1602252
"Belarus",2008,27.5,25.1,43.2,10,2041056,440582,1600473
"Belarus",2009,28.4,25.3,43.4,10,2046281,441437,1604844
"Belarus",2010,29.1,25.5,43.9,10.1,2062684,441828,1620856
"Belarus",2011,29.2,26.2,45.4,10.1,2117626,443628,1673998
"Belarus",2012,29.3,26.9,46.8,10.1,2174988,446618,1728370
"Belgium",1980,24,32.5,39.9,25.5,2545647,1034916,1510731
"Belgium",1981,23.8,32.2,39.5,25.4,2537536,1034812,1502724
"Belgium",1982,23.6,31.9,39.1,25.3,2530240,1035169,1495070
"Belgium",1983,23.5,31.7,38.8,25.2,2524578,1035192,1489386
"Belgium",1984,23.3,31.5,38.4,25,2516760,1034178,1482582
"Belgium",1985,23.1,31.3,38.1,24.9,2509189,1032210,1476980
"Belgium",1986,22.9,31.1,37.9,24.7,2501932,1029939,1471993
"Belgium",1987,22.6,30.9,37.6,24.6,2495593,1027807,1467785
"Belgium",1988,22.1,30.9,37.6,24.6,2502907,1030288,1472619
"Belgium",1989,21.6,30.9,37.5,24.6,2509722,1033330,1476392
"Belgium",1990,21.1,30.7,37.3,24.6,2506725,1036336,1470389
"Belgium",1991,20.6,30.7,37.1,24.7,2512019,1044018,1468001
"Belgium",1992,20,30.8,37,25,2531070,1061179,1469891
"Belgium",1993,19.4,31,36.9,25.4,2557634,1082074,1475560
"Belgium",1994,18.9,31.1,36.9,25.8,2578992,1100861,1478131
"Belgium",1995,18.5,30.9,36.6,25.6,2572843,1098910,1473933
"Belgium",1996,18.3,30.7,36.4,25.3,2557226,1090132,1467094
"Belgium",1997,18.2,30,35.7,24.7,2512106,1067775,1444331
"Belgium",1998,18.1,29.3,34.8,24.1,2457552,1042387,1415165
"Belgium",1999,18.1,28.4,33.8,23.4,2392982,1014419,1378563
"Belgium",2000,18.3,27.2,32.3,22.6,2301099,982473,1318626
"Belgium",2001,18.5,26.3,30.9,21.9,2228574,959343,1269231
"Belgium",2002,18.2,25.9,30.2,21.8,2205239,958132,1247107
"Belgium",2003,18.1,25.4,29.4,21.6,2176689,954290,1222399
"Belgium",2004,17.8,25.1,28.8,21.5,2161006,956879,1204126
"Belgium",2005,17.3,25,28.5,21.7,2172518,972486,1200032
"Belgium",2006,16.7,25.2,28.5,22.1,2203645,994318,1209327
"Belgium",2007,16.1,25.4,28.6,22.4,2242630,1019035,1223595
"Belgium",2008,15.5,25.7,28.7,22.8,2285456,1044887,1240569
"Belgium",2009,15.1,26,28.9,23.2,2331401,1071142,1260260
"Belgium",2010,14.7,26.1,29,23.4,2349914,1081645,1268269
"Belgium",2011,14.5,26.1,29,23.4,2362174,1087725,1274448
"Belgium",2012,14.3,26.1,29,23.4,2371022,1091015,1280008
"Belize",1980,50.9,11.1,20,2,8538,759,7779
"Belize",1981,49.7,10.9,19.7,2,8686,768,7918
"Belize",1982,48.6,10.8,19.5,1.9,8861,780,8081
"Belize",1983,47.6,10.7,19.3,1.9,9055,796,8259
"Belize",1984,46.5,10.5,19.1,1.9,9263,813,8449
"Belize",1985,45.5,10.4,18.9,1.8,9484,832,8652
"Belize",1986,44.4,10.3,18.7,1.8,9707,851,8857
"Belize",1987,43.3,10.2,18.5,1.8,9930,869,9061
"Belize",1988,42.1,10.1,18.3,1.8,10147,887,9260
"Belize",1989,40.9,10,18.2,1.8,10347,905,9443
"Belize",1990,39.7,9.9,18,1.8,10530,922,9608
"Belize",1991,38.7,9.9,17.9,1.7,10693,940,9753
"Belize",1992,37.7,9.8,17.8,1.7,10851,962,9889
"Belize",1993,36.8,9.8,17.7,1.8,11016,986,10030
"Belize",1994,36,9.7,17.6,1.8,11224,1013,10211
"Belize",1995,35.3,9.7,17.5,1.8,11488,1046,10442
"Belize",1996,34.6,9.6,17.5,1.8,11815,1082,10732
"Belize",1997,34.4,9.5,17.3,1.7,12093,1106,10987
"Belize",1998,34.1,9.4,17.1,1.7,12419,1132,11286
"Belize",1999,33.9,9.3,16.9,1.7,12761,1158,11603
"Belize",2000,33.7,9.2,16.7,1.7,13092,1181,11911
"Belize",2001,33.6,9.1,16.6,1.6,13404,1203,12201
"Belize",2002,33.5,9,16.4,1.6,13720,1224,12496
"Belize",2003,33.4,8.9,16.3,1.6,14032,1246,12786
"Belize",2004,33.7,8.7,15.9,1.5,14215,1254,12961
"Belize",2005,34,8.6,15.7,1.5,14455,1271,13184
"Belize",2006,33.8,8.5,15.6,1.5,14897,1313,13584
"Belize",2007,33.6,8.5,15.6,1.5,15404,1363,14041
"Belize",2008,33.3,8.6,15.7,1.5,15997,1422,14575
"Belize",2009,33,8.6,15.8,1.5,16649,1487,15162
"Belize",2010,32.7,8.7,16,1.6,17344,1558,15786
"Belize",2011,32.4,8.8,16.1,1.6,18079,1634,16445
"Belize",2012,32.1,8.9,16.2,1.6,18827,1714,17114
"Benin",1980,21.5,9.4,16.3,3.3,193028,36212,156816
"Benin",1981,19.6,9.3,16,3.3,194339,36564,157775
"Benin",1982,17.5,9.1,15.7,3.2,195557,36908,158649
"Benin",1983,16.2,9,15.5,3.2,198585,37507,161077
"Benin",1984,15,8.9,15.3,3.2,201922,38206,163716
"Benin",1985,13.7,8.8,15.2,3.2,205379,39033,166346
"Benin",1986,12.5,8.7,15,3.2,209171,39986,169185
"Benin",1987,11.8,8.7,14.9,3.2,214080,41128,172952
"Benin",1988,11.2,8.7,14.9,3.2,219567,42390,177176
"Benin",1989,11,8.7,14.9,3.2,226634,43873,182761
"Benin",1990,10.7,8.7,14.8,3.2,234282,45433,188849
"Benin",1991,10.4,8.7,14.7,3.2,242770,47061,195709
"Benin",1992,10.1,8.7,14.7,3.2,252593,48866,203727
"Benin",1993,9.7,8.7,14.6,3.2,263179,50783,212396
"Benin",1994,9.4,8.7,14.6,3.2,273986,52826,221160
"Benin",1995,9.1,8.7,14.5,3.2,283862,54867,228995
"Benin",1996,8.7,8.7,14.5,3.3,292713,56829,235884
"Benin",1997,8.3,8.6,14.4,3.1,297028,55276,241752
"Benin",1998,8,8.5,14.4,2.9,302132,54429,247703
"Benin",1999,7.5,8.4,14.4,2.8,308534,54080,254454
"Benin",2000,7.2,8.3,14.3,2.8,316350,54083,262267
"Benin",2001,6.8,8.3,14.3,2.7,324991,54234,270757
"Benin",2002,6.4,8.2,14.2,2.5,332038,51970,280068
"Benin",2003,6.2,8.1,14.1,2.3,340079,49871,290207
"Benin",2004,6,8,14.1,2.1,348574,47859,300715
"Benin",2005,5.8,7.9,14,2,357650,46016,311634
"Benin",2006,5.7,7.8,14,1.9,367196,44422,322774
"Benin",2007,5.5,7.7,14,1.7,376316,42351,333965
"Benin",2008,5.4,7.7,13.9,1.6,386204,40819,345385
"Benin",2009,5.2,7.7,13.9,1.6,398555,41639,356916
"Benin",2010,5.1,7.7,13.9,1.6,411762,42636,369126
"Benin",2011,4.9,7.7,13.9,1.6,425477,43945,381532
"Benin",2012,4.8,7.7,13.9,1.6,439181,45526,393655
"Bhutan",1980,42,12,19.1,4,28483,4429,24054
"Bhutan",1981,41.8,12,19,4,29048,4519,24529
"Bhutan",1982,41.6,11.9,18.9,4,29494,4597,24897
"Bhutan",1983,41.3,11.8,18.8,4,29852,4666,25186
"Bhutan",1984,41.2,11.8,18.7,3.9,30277,4745,25531
"Bhutan",1985,41.1,11.7,18.5,3.9,30835,4848,25987
"Bhutan",1986,40.9,11.6,18.4,3.9,31557,4985,26573
"Bhutan",1987,40.2,11.4,18.2,3.9,32322,5138,27184
"Bhutan",1988,39.8,11.3,18,3.8,33115,5293,27822
"Bhutan",1989,39.3,11.2,17.9,3.8,33616,5396,28219
"Bhutan",1990,38.7,11.1,17.7,3.8,33680,5428,28251
"Bhutan",1991,38.4,11.1,17.6,3.8,33294,5389,27905
"Bhutan",1992,38.1,11,17.5,3.8,32533,5291,27242
"Bhutan",1993,37.6,10.9,17.3,3.7,31590,5172,26418
"Bhutan",1994,37.3,10.8,17.1,3.7,30844,5105,25739
"Bhutan",1995,36.8,10.7,17,3.8,30466,5112,25354
"Bhutan",1996,36.4,10.6,16.8,3.8,30538,5209,25329
"Bhutan",1997,35.9,10.5,16.7,3.8,31034,5383,25650
"Bhutan",1998,35.5,10.4,16.6,3.8,31917,5609,26308
"Bhutan",1999,34.8,10.4,16.5,3.8,33189,5863,27326
"Bhutan",2000,33.9,10.4,16.5,3.8,34820,6114,28707
"Bhutan",2001,32.8,10.4,16.5,3.8,36800,6341,30459
"Bhutan",2002,31.5,10.5,16.5,3.8,39086,6556,32530
"Bhutan",2003,30.2,10.6,16.6,3.7,41592,6787,34806
"Bhutan",2004,29.1,10.7,16.6,3.7,44095,7013,37082
"Bhutan",2005,28.1,10.8,16.7,3.7,46464,7275,39189
"Bhutan",2006,27.3,10.9,16.8,3.7,48600,7552,41048
"Bhutan",2007,26.4,10.9,16.8,3.8,50545,7833,42712
"Bhutan",2008,25.6,11,16.9,3.8,52339,8108,44230
"Bhutan",2009,24.9,11,17,3.8,54024,8377,45648
"Bhutan",2010,24.2,11,17,3.8,55597,8632,46965
"Bhutan",2011,23.6,11,17,3.8,57122,8884,48237
"Bhutan",2012,23,11,17,3.8,58540,9112,49428
"Bolivia",1980,3,33.3,45.4,21.8,1025503,344990,680514
"Bolivia",1981,3,33.3,45.4,21.9,1052926,354484,698443
"Bolivia",1982,3,33.3,45.4,21.9,1081030,364046,716984
"Bolivia",1983,2.9,33.3,45.4,21.9,1109903,373974,735929
"Bolivia",1984,2.9,33.4,45.4,21.9,1140060,384531,755529
"Bolivia",1985,2.8,33.4,45.4,22,1171517,395418,776099
"Bolivia",1986,2.8,33.4,45.4,22,1204044,406735,797309
"Bolivia",1987,2.7,33.4,45.4,22.1,1238373,418725,819648
"Bolivia",1988,2.6,33.5,45.4,22.1,1274543,431467,843076
"Bolivia",1989,2.6,33.6,45.5,22.3,1312187,445085,867102
"Bolivia",1990,2.5,33.7,45.6,22.4,1351482,459780,891701
"Bolivia",1991,2.5,33.9,45.7,22.6,1392495,475509,916986
"Bolivia",1992,2.4,34.1,45.9,22.9,1435769,492259,943511
"Bolivia",1993,2.3,34.4,46.1,23.1,1481886,510370,971516
"Bolivia",1994,2.3,34.7,46.4,23.4,1530580,529400,1001180
"Bolivia",1995,2.2,35,46.7,23.8,1581687,549308,1032380
"Bolivia",1996,2.2,35.3,47,24.1,1635755,570292,1065463
"Bolivia",1997,2.2,34.6,46.6,23.1,1644158,559330,1084828
"Bolivia",1998,2.2,34.2,46.5,22.4,1665323,556055,1109268
"Bolivia",1999,2.2,34,46.5,21.9,1694005,557975,1136031
"Bolivia",2000,2.2,33.8,46.5,21.5,1725970,561557,1164412
"Bolivia",2001,2.2,33.5,46.4,21.1,1756645,564319,1192326
"Bolivia",2002,2.2,33.2,46.3,20.6,1782027,563960,1218066
"Bolivia",2003,2.2,32.7,46,19.9,1797885,558001,1239883
"Bolivia",2004,2.3,32,45.5,19,1800901,544738,1256163
"Bolivia",2005,2.4,30.1,44.1,16.7,1737289,490049,1247240
"Bolivia",2006,2.6,28.3,42.5,14.5,1670317,436948,1233369
"Bolivia",2007,2.8,26.6,41,12.7,1609085,390728,1218357
"Bolivia",2008,2.9,25.2,39.6,11.3,1562181,355381,1206800
"Bolivia",2009,3,24.7,39,10.9,1569468,351060,1218408
"Bolivia",2010,3.1,24.5,38.6,10.7,1589945,353311,1236634
"Bolivia",2011,3.1,24.4,38.5,10.7,1620867,360349,1260519
"Bolivia",2012,3.1,24.4,38.4,10.8,1660006,371434,1288572
"Bosnia and Herzegovina",1980,23.6,36.3,45.3,27.9,1076920,427574,649346
"Bosnia and Herzegovina",1981,23.6,36.7,45.8,28.2,1108744,439131,669613
"Bosnia and Herzegovina",1982,23.5,37.1,46.4,28.5,1139323,449949,689374
"Bosnia and Herzegovina",1983,23.4,37.5,46.8,28.6,1168564,460139,708424
"Bosnia and Herzegovina",1984,23.2,37.8,47.3,28.8,1198546,470815,727732
"Bosnia and Herzegovina",1985,23.1,38.1,47.7,29,1229880,482004,747876
"Bosnia and Herzegovina",1986,23,38.3,48,29.2,1264976,494371,770605
"Bosnia and Herzegovina",1987,22.8,38.6,48.3,29.3,1300852,507080,793772
"Bosnia and Herzegovina",1988,22.6,38.7,48.4,29.4,1329497,517625,811871
"Bosnia and Herzegovina",1989,22.5,38.7,48.5,29.5,1340022,521978,818044
"Bosnia and Herzegovina",1990,22.2,38.6,48.3,29.4,1323463,517001,806462
"Bosnia and Herzegovina",1991,22,38.4,47.9,29.3,1277152,501828,775324
"Bosnia and Herzegovina",1992,21.7,38,47.5,29.2,1207447,478597,728851
"Bosnia and Herzegovina",1993,21.5,37.6,46.9,29,1128694,451981,676713
"Bosnia and Herzegovina",1994,21.3,37.2,46.4,28.8,1061296,429128,632169
"Bosnia and Herzegovina",1995,21.2,36.9,46,28.6,1019873,415144,604728
"Bosnia and Herzegovina",1996,21.4,36.9,46.1,28.6,1017063,414510,602553
"Bosnia and Herzegovina",1997,21.8,37,46.2,28.6,1036609,421060,615549
"Bosnia and Herzegovina",1998,22,36.9,46.2,28.4,1067337,431404,635933
"Bosnia and Herzegovina",1999,22.2,36.7,46.1,28.1,1096090,440603,655487
"Bosnia and Herzegovina",2000,22.3,36.3,45.7,27.8,1112576,444757,667820
"Bosnia and Herzegovina",2001,22.4,35.9,45.3,27.3,1114690,443049,671641
"Bosnia and Herzegovina",2002,22.5,35.4,44.7,26.8,1106823,437398,669425
"Bosnia and Herzegovina",2003,22.7,34.6,43.9,26,1085445,425041,660405
"Bosnia and Herzegovina",2004,22.8,34,43.3,25.5,1068720,416909,651811
"Bosnia and Herzegovina",2005,22.9,33.5,42.6,25.1,1054282,410457,643825
"Bosnia and Herzegovina",2006,23.1,33.1,42,24.8,1041958,405161,636796
"Bosnia and Herzegovina",2007,23.2,32.7,41.4,24.5,1031005,400442,630563
"Bosnia and Herzegovina",2008,23.4,32.3,41,24.2,1021647,396139,625509
"Bosnia and Herzegovina",2009,23.5,32,40.6,24,1013015,392267,620748
"Bosnia and Herzegovina",2010,23.5,31.7,40.2,23.7,1005869,388932,616938
"Bosnia and Herzegovina",2011,23.5,31.4,39.8,23.5,1001131,386544,614587
"Bosnia and Herzegovina",2012,23.4,31.2,39.6,23.3,1000678,385848,614830
"Botswana",1980,32.1,15.5,26,5.8,82433,16035,66398
"Botswana",1981,31.4,15.4,25.9,5.7,84971,16433,68538
"Botswana",1982,30.7,15.2,25.6,5.6,87346,16800,70545
"Botswana",1983,30,15.1,25.4,5.6,89563,17152,72412
"Botswana",1984,29.4,15,25.2,5.5,91895,17534,74361
"Botswana",1985,28.8,14.9,25,5.5,94500,17973,76527
"Botswana",1986,28.3,14.8,24.8,5.4,97318,18472,78846
"Botswana",1987,27.8,14.7,24.6,5.4,100190,19003,81187
"Botswana",1988,26.9,14.5,24.3,5.3,102815,19522,83292
"Botswana",1989,26.1,14.3,23.9,5.3,105501,20080,85422
"Botswana",1990,25.3,14.2,23.6,5.3,108491,20705,87786
"Botswana",1991,24.6,14.1,23.4,5.2,111779,21383,90396
"Botswana",1992,24.2,14,23.2,5.2,115400,22106,93294
"Botswana",1993,23.8,13.9,23,5.2,119244,22838,96406
"Botswana",1994,23.5,13.9,22.9,5.2,123288,23604,99684
"Botswana",1995,23.2,13.8,22.8,5.2,127249,24344,102905
"Botswana",1996,22.9,13.7,22.7,5.1,131228,25031,106197
"Botswana",1997,22.5,13.7,22.6,5.1,135046,25696,109350
"Botswana",1998,22.1,13.6,22.4,5.1,138645,26329,112316
"Botswana",1999,21.6,13.5,22.2,5,141942,26922,115021
"Botswana",2000,21,13.4,22.1,5,145021,27502,117519
"Botswana",2001,20.4,13.3,22,5,148054,28070,119985
"Botswana",2002,19.8,13.3,21.8,5,150967,28688,122279
"Botswana",2003,19.1,13.3,21.8,5,153882,29325,124558
"Botswana",2004,18.4,13.2,21.7,5,156791,29939,126852
"Botswana",2005,17.7,13.3,21.7,5,159891,30610,129281
"Botswana",2006,17.1,13.3,21.7,5.1,163144,31429,131715
"Botswana",2007,16.5,13.4,21.7,5.2,166448,32378,134070
"Botswana",2008,15.9,13.5,21.8,5.3,169842,33401,136441
"Botswana",2009,15.6,13.5,21.8,5.3,172700,33953,138747
"Botswana",2010,15.2,13.5,21.8,5.3,175157,34308,140849
"Botswana",2011,14.9,13.5,21.8,5.3,177328,34520,142808
"Botswana",2012,14.6,13.5,21.7,5.2,179346,34621,144725
"Brazil",1980,39.6,19.8,25,14.7,14953288,5595303,9357985
"Brazil",1981,38.5,19.3,24.2,14.4,14946760,5644610,9302149
"Brazil",1982,37.8,19,23.7,14.3,15109090,5741597,9367492
"Brazil",1983,37.6,19,23.8,14.3,15546768,5916220,9630548
"Brazil",1984,37.3,19,23.8,14.4,15956306,6088369,9867936
"Brazil",1985,36.9,18.9,23.6,14.3,16248511,6231401,10017110
"Brazil",1986,36,18.5,23,14.2,16317934,6318194,9999740
"Brazil",1987,35.2,18.2,22.5,14,16398271,6414858,9983413
"Brazil",1988,34.6,18,22.1,14,16604942,6549537,10055404
"Brazil",1989,34.1,17.8,21.8,13.9,16830212,6692011,10138201
"Brazil",1990,34,17.8,21.8,14,17263531,6897072,10366459
"Brazil",1991,34,17.8,21.8,14.1,17700770,7109430,10591341
"Brazil",1992,34,17.9,21.8,14.2,18219195,7348192,10871002
"Brazil",1993,33.8,17.9,21.7,14.2,18651527,7561975,11089552
"Brazil",1994,33.4,17.8,21.5,14.2,18996374,7751078,11245295
"Brazil",1995,32.8,17.6,21.2,14.2,19271120,7925586,11345534
"Brazil",1996,32.1,17.5,20.9,14.2,19569507,8109720,11459787
"Brazil",1997,31.6,17.2,20.6,13.9,19686619,8131139,11555479
"Brazil",1998,31.2,16.9,20.4,13.7,19912282,8209225,11703057
"Brazil",1999,30.9,16.8,20.2,13.5,20214433,8321762,11892672
"Brazil",2000,30.4,16.6,20,13.4,20414895,8405320,12009575
"Brazil",2001,30.1,16.5,19.8,13.2,20635005,8488254,12146751
"Brazil",2002,29.8,16.3,19.7,13.1,20829098,8556157,12272940
"Brazil",2003,29.7,16.2,19.6,12.9,21057721,8622576,12435145
"Brazil",2004,29.5,15.9,19.3,12.6,21045994,8553817,12492177
"Brazil",2005,29.2,15.6,19.1,12.3,21006077,8475917,12530159
"Brazil",2006,28.8,15.3,18.8,11.9,20918224,8390628,12527597
"Brazil",2007,28.1,14.9,18.4,11.6,20738291,8298439,12439851
"Brazil",2008,27,14.6,18,11.4,20612448,8268533,12343915
"Brazil",2009,26.2,14.4,17.6,11.3,20627616,8325247,12302368
"Brazil",2010,25,14.2,17.3,11.2,20588408,8384267,12204141
"Brazil",2011,23.8,14,16.9,11.2,20620992,8468347,12152644
"Brazil",2012,22.8,13.8,16.7,11.1,20734652,8580927,12153725
"Brunei",1980,39.4,11.6,14.3,8.3,13758,4484,9274
"Brunei",1981,39.6,11.6,14.4,8.3,14278,4645,9632
"Brunei",1982,39.8,11.7,14.4,8.4,14746,4813,9933
"Brunei",1983,40.2,11.7,14.5,8.4,15216,4994,10221
"Brunei",1984,40.5,11.7,14.5,8.4,15741,5193,10548
"Brunei",1985,40.9,11.8,14.6,8.4,16376,5420,10956
"Brunei",1986,41.4,11.9,14.8,8.5,17137,5678,11459
"Brunei",1987,41.8,12,14.9,8.6,17993,5962,12031
"Brunei",1988,42.1,12.1,15.1,8.6,18895,6258,12637
"Brunei",1989,42.5,12.2,15.2,8.7,19793,6558,13235
"Brunei",1990,42.9,12.3,15.3,8.8,20634,6849,13784
"Brunei",1991,43.3,12.3,15.3,8.8,21400,7130,14269
"Brunei",1992,43.6,12.3,15.3,8.8,22099,7398,14701
"Brunei",1993,44,12.3,15.3,8.8,22759,7660,15099
"Brunei",1994,44.3,12.2,15.2,8.8,23420,7950,15470
"Brunei",1995,44.5,12.2,15.2,8.9,24098,8275,15822
"Brunei",1996,44.6,12.1,15.1,8.9,24789,8639,16150
"Brunei",1997,44.8,12.1,15.1,8.9,25546,9044,16502
"Brunei",1998,45.1,12.1,15.2,8.9,26369,9469,16900
"Brunei",1999,45.4,12.1,15.2,8.9,27161,9869,17292
"Brunei",2000,45.7,12.1,15.2,8.9,27881,10210,17670
"Brunei",2001,45.9,12,15.1,8.9,28528,10488,18040
"Brunei",2002,46.2,12,15.1,8.9,29119,10721,18398
"Brunei",2003,46.4,11.9,15,8.8,29652,10907,18746
"Brunei",2004,46.7,11.8,14.8,8.7,30173,11076,19097
"Brunei",2005,47,11.7,14.8,8.7,30733,11267,19466
"Brunei",2006,47.2,11.7,14.7,8.6,31296,11474,19821
"Brunei",2007,47.4,11.6,14.6,8.6,31895,11704,20191
"Brunei",2008,47.6,11.6,14.5,8.6,32549,11957,20592
"Brunei",2009,48,11.6,14.5,8.6,33233,12212,21021
"Brunei",2010,48.2,11.5,14.5,8.5,33902,12461,21441
"Brunei",2011,48.5,11.5,14.5,8.5,34587,12718,21869
"Brunei",2012,48.6,11.5,14.4,8.5,35269,12974,22295
"Bulgaria",1980,19.9,29.1,37.6,20.9,2010081,729481,1280600
"Bulgaria",1981,20.2,29.2,37.8,20.9,2022897,731520,1291377
"Bulgaria",1982,20.5,29.3,38,20.8,2034475,732918,1301558
"Bulgaria",1983,20.8,29.4,38.2,20.8,2045228,734254,1310974
"Bulgaria",1984,21,29.3,38.2,20.7,2053082,735411,1317670
"Bulgaria",1985,21.3,29.2,38.2,20.6,2052877,734893,1317984
"Bulgaria",1986,21.5,29.1,38.1,20.4,2046549,731709,1314840
"Bulgaria",1987,21.7,28.9,38,20.2,2040770,727704,1313067
"Bulgaria",1988,21.7,28.7,37.8,20,2034427,723858,1310569
"Bulgaria",1989,21.8,28.5,37.7,19.8,2019140,716673,1302467
"Bulgaria",1990,21.9,28.4,37.6,19.6,1994521,705250,1289272
"Bulgaria",1991,22.1,28.3,37.6,19.4,1971441,693305,1278136
"Bulgaria",1992,22.5,28.3,37.8,19.2,1951521,682270,1269251
"Bulgaria",1993,22.9,28.3,38.1,19.1,1946445,676265,1270180
"Bulgaria",1994,23.4,28.5,38.5,19.1,1958216,675615,1282601
"Bulgaria",1995,23.9,28.8,39,19.1,1973833,676343,1297490
"Bulgaria",1996,24.6,29.2,39.8,19.3,1997706,680257,1317449
"Bulgaria",1997,25,30.1,40.7,20.1,2051526,707605,1343921
"Bulgaria",1998,25.2,31.4,41.8,21.6,2132214,758205,1374009
"Bulgaria",1999,25.2,32.8,43.1,23.3,2223427,815193,1408235
"Bulgaria",2000,25.2,34.3,44.3,25,2312884,871434,1441450
"Bulgaria",2001,25.2,35.6,45.4,26.5,2393072,922215,1470858
"Bulgaria",2002,25.1,36.7,46.3,27.8,2461996,965774,1496222
"Bulgaria",2003,24.9,37.7,47,28.9,2515156,1000228,1514928
"Bulgaria",2004,24.5,38.2,47.4,29.7,2543840,1022391,1521449
"Bulgaria",2005,24,38.4,47.3,30,2545086,1031685,1513401
"Bulgaria",2006,23.4,38.1,47,29.9,2517527,1022806,1494721
"Bulgaria",2007,22.6,37.6,46.2,29.6,2467249,1005327,1461922
"Bulgaria",2008,21.5,36.9,45.3,29.2,2406849,982805,1424043
"Bulgaria",2009,20.3,36.2,44.3,28.6,2339718,957513,1382205
"Bulgaria",2010,19.3,34.9,42.6,27.7,2239113,920163,1318950
"Bulgaria",2011,18.1,33.6,40.8,26.9,2148719,888978,1259741
"Bulgaria",2012,16.9,32.3,39,26,2059760,858595,1201166
"Burkina Faso",1980,4.3,12.7,18,8,472464,155045,317419
"Burkina Faso",1981,4.3,12.7,17.9,8,480470,158028,322441
"Burkina Faso",1982,4.3,12.7,17.9,7.9,489166,161154,328012
"Burkina Faso",1983,4.3,12.7,17.9,7.9,498932,164469,334463
"Burkina Faso",1984,4.4,12.6,17.9,7.9,509557,168072,341485
"Burkina Faso",1985,4.4,12.6,17.9,7.9,519935,171862,348072
"Burkina Faso",1986,4.3,12.6,17.8,7.9,530824,175946,354878
"Burkina Faso",1987,4.3,12.6,17.8,7.9,542938,180526,362412
"Burkina Faso",1988,4.2,12.6,17.8,7.9,555632,185399,370233
"Burkina Faso",1989,4.2,12.6,17.7,8,569168,190658,378510
"Burkina Faso",1990,4.2,12.6,17.7,8,583978,196422,387556
"Burkina Faso",1991,4.1,12.5,17.6,8,598463,202202,396261
"Burkina Faso",1992,4.1,12.5,17.5,8.1,614201,208549,405652
"Burkina Faso",1993,4.1,12.5,17.4,8.1,630950,215418,415532
"Burkina Faso",1994,4.1,12.5,17.4,8.2,648859,223017,425841
"Burkina Faso",1995,4,12.5,17.3,8.2,667791,231336,436455
"Burkina Faso",1996,3.9,12.5,17.2,8.3,687083,239970,447113
"Burkina Faso",1997,3.7,12.4,17.1,8.1,701346,242032,459314
"Burkina Faso",1998,3.5,12.3,17.1,7.9,713930,241292,472639
"Burkina Faso",1999,3.4,12.1,17.1,7.6,726338,239400,486938
"Burkina Faso",2000,3.2,12,17.1,7.3,739313,236812,502500
"Burkina Faso",2001,3.1,11.8,17.1,7,752134,233239,518895
"Burkina Faso",2002,2.9,11.7,17.1,6.7,764324,228032,536293
"Burkina Faso",2003,2.8,11.5,17.2,6.3,776310,220916,555394
"Burkina Faso",2004,2.7,11.2,17.4,5.5,780171,200021,580150
"Burkina Faso",2005,2.6,11,17.6,4.8,786561,179017,607543
"Burkina Faso",2006,2.4,10.8,17.9,4.2,797067,160277,636790
"Burkina Faso",2007,2.3,10.6,18.1,3.7,812302,144757,667545
"Burkina Faso",2008,2.2,10.6,18.4,3.3,831870,132541,699329
"Burkina Faso",2009,2.1,10.5,18.6,2.9,855086,123387,731699
"Burkina Faso",2010,1.9,10.5,18.8,2.7,880741,116670,764071
"Burkina Faso",2011,1.8,10.5,18.9,2.5,907978,111803,796175
"Burkina Faso",2012,1.7,10.5,18.9,2.5,939331,115032,824299
"Burundi",1980,15.3,14.5,20.9,8.7,332883,105218,227665
"Burundi",1981,14.8,14.4,20.8,8.7,339712,107638,232074
"Burundi",1982,14,14.3,20.6,8.7,345683,109960,235723
"Burundi",1983,13.2,14.3,20.4,8.7,351611,112306,239305
"Burundi",1984,12.2,14.2,20.2,8.7,357526,114607,242919
"Burundi",1985,11.5,14.1,20.1,8.7,365358,117355,248003
"Burundi",1986,10.8,14.1,20,8.7,374073,120372,253701
"Burundi",1987,10.1,14.1,19.9,8.7,383636,123529,260107
"Burundi",1988,9.5,14.1,19.8,8.7,393264,126684,266581
"Burundi",1989,8.9,14,19.7,8.7,401643,129633,272010
"Burundi",1990,8.5,14,19.6,8.7,408474,132318,276155
"Burundi",1991,8.1,13.9,19.5,8.7,413926,134856,279070
"Burundi",1992,7.8,13.8,19.3,8.7,417754,137063,280691
"Burundi",1993,7.4,13.7,19.1,8.7,419759,138753,281007
"Burundi",1994,6.9,13.5,18.9,8.6,420392,139600,280791
"Burundi",1995,6.4,13.4,18.6,8.5,419996,139622,280374
"Burundi",1996,5.8,13.2,18.4,8.4,418971,138859,280112
"Burundi",1997,5.4,13,18.2,8.3,417992,137307,280685
"Burundi",1998,5.1,12.9,18,8.1,418687,135995,282692
"Burundi",1999,4.9,12.7,17.8,8,422415,135638,286777
"Burundi",2000,4.8,12.6,17.7,7.8,430131,136611,293520
"Burundi",2001,4.7,12.5,17.5,7.7,442350,139094,303255
"Burundi",2002,4.7,12.5,17.5,7.6,459123,143061,316062
"Burundi",2003,4.8,12.4,17.5,7.5,479585,148242,331343
"Burundi",2004,5.1,12.4,17.5,7.5,502851,154196,348655
"Burundi",2005,5.4,12.5,17.6,7.5,528312,160908,367404
"Burundi",2006,5.8,12.6,17.8,7.5,556406,168399,388007
"Burundi",2007,6.4,12.7,18,7.5,586565,176374,410190
"Burundi",2008,7.1,12.8,18.3,7.6,618694,184917,433777
"Burundi",2009,7.9,13.1,18.7,7.6,652833,194245,458587
"Burundi",2010,8.9,13.3,19,7.8,688354,204281,484073
"Burundi",2011,10,13.6,19.5,7.9,725571,215027,510544
"Burundi",2012,11.2,13.9,19.9,8.1,763740,225938,537802
"Cambodia",1980,12.8,22.6,44,4.7,894850,101011,793839
"Cambodia",1981,12.7,22.5,44,4.7,900286,102626,797660
"Cambodia",1982,12.6,22.5,43.8,4.7,918592,105011,813581
"Cambodia",1983,12.5,22.5,43.7,4.7,946086,108060,838026
"Cambodia",1984,12.3,22.5,43.5,4.7,976661,111394,865266
"Cambodia",1985,12.1,22.5,43.3,4.7,1005948,114754,891194
"Cambodia",1986,11.8,22.5,43.1,4.8,1032504,117955,914549
"Cambodia",1987,11.6,22.5,43,4.8,1059277,121431,937846
"Cambodia",1988,11.4,22.5,42.9,4.8,1087273,125204,962070
"Cambodia",1989,11.3,22.6,43,4.9,1118170,129166,989004
"Cambodia",1990,11.1,22.8,43.3,4.9,1153670,133419,1020251
"Cambodia",1991,10.9,23.1,43.8,5,1194552,138112,1056440
"Cambodia",1992,10.8,23.5,44.4,5.1,1239872,143396,1096476
"Cambodia",1993,10.7,23.8,45,5.2,1288607,149285,1139322
"Cambodia",1994,10.6,24,45.3,5.2,1335853,155214,1180639
"Cambodia",1995,10.5,23.9,45.2,5.2,1381898,161151,1220747
"Cambodia",1996,10.4,23.7,44.6,5.2,1425804,167151,1258653
"Cambodia",1997,10.3,23.2,43.6,5.1,1460788,170340,1290448
"Cambodia",1998,10.3,22.6,42.5,4.9,1495621,173618,1322003
"Cambodia",1999,10.2,22.1,41.6,4.8,1532030,176527,1355504
"Cambodia",2000,10.1,21.7,40.9,4.7,1570681,178911,1391771
"Cambodia",2001,10.1,21.4,40.4,4.5,1608745,178571,1430175
"Cambodia",2002,10,21.2,40.1,4.3,1647017,178007,1469010
"Cambodia",2003,9.9,21,39.8,4.2,1684589,177479,1507110
"Cambodia",2004,9.9,20.7,39.5,4,1719099,176810,1542289
"Cambodia",2005,10,20.5,39,3.9,1747146,175368,1571777
"Cambodia",2006,10,20.2,38.5,3.8,1777741,176392,1601349
"Cambodia",2007,10.1,19.9,38,3.7,1806321,177447,1628874
"Cambodia",2008,10.2,19.7,37.5,3.6,1832620,178254,1654366
"Cambodia",2009,10.3,19.4,37,3.6,1858134,179056,1679078
"Cambodia",2010,10.4,19.3,36.7,3.5,1888190,180351,1707840
"Cambodia",2011,10.4,19.3,36.7,3.5,1930612,182847,1747765
"Cambodia",2012,10.4,19.5,37,3.5,1992481,188399,1804082
"Cameroon",1980,12.7,8.3,14.5,2.5,411916,62277,349639
"Cameroon",1981,13.1,8.3,14.4,2.5,422321,63691,358630
"Cameroon",1982,13.5,8.3,14.4,2.5,433080,65181,367899
"Cameroon",1983,13.9,8.3,14.4,2.5,444082,66798,377284
"Cameroon",1984,14.2,8.3,14.4,2.5,455912,68572,387341
"Cameroon",1985,14.6,8.3,14.4,2.5,468449,70457,397992
"Cameroon",1986,14.9,8.3,14.4,2.5,481483,72450,409034
"Cameroon",1987,15.1,8.3,14.4,2.5,494629,74542,420087
"Cameroon",1988,15.2,8.3,14.3,2.5,508088,76697,431391
"Cameroon",1989,15.3,8.3,14.3,2.5,522153,78947,443207
"Cameroon",1990,15.2,8.3,14.3,2.5,536600,81355,455245
"Cameroon",1991,15.1,8.3,14.2,2.5,551110,83806,467304
"Cameroon",1992,15,8.2,14.2,2.5,565991,86445,479547
"Cameroon",1993,14.8,8.2,14.1,2.5,581109,89299,491810
"Cameroon",1994,14.6,8.2,14.1,2.5,596618,92346,504272
"Cameroon",1995,14.3,8.2,14,2.5,612545,95583,516961
"Cameroon",1996,14.1,8.1,13.9,2.5,629205,99040,530165
"Cameroon",1997,14.1,8,13.9,2.4,639782,95824,543958
"Cameroon",1998,14.1,7.9,13.8,2.2,649583,91212,558372
"Cameroon",1999,14.1,7.8,13.7,2,660552,87036,573516
"Cameroon",2000,14,7.7,13.7,1.9,673302,83690,589611
"Cameroon",2001,14,7.7,13.7,1.8,687355,80984,606371
"Cameroon",2002,13.9,7.6,13.6,1.7,702311,78540,623772
"Cameroon",2003,13.9,7.5,13.6,1.6,717899,76165,641735
"Cameroon",2004,13.8,7.5,13.6,1.5,733498,73530,659968
"Cameroon",2005,13.8,7.4,13.6,1.3,742717,64034,678684
"Cameroon",2006,13.8,7.2,13.5,1.1,753348,55295,698053
"Cameroon",2007,13.8,7.2,13.5,0.9,765952,47713,718240
"Cameroon",2008,13.8,7.1,13.5,0.7,781004,41458,739546
"Cameroon",2009,13.7,7,13.5,0.6,798534,36497,762038
"Cameroon",2010,13.6,7,13.6,0.6,818620,32705,785915
"Cameroon",2011,13.5,7,13.6,0.5,840281,29995,810286
"Cameroon",2012,13.3,7,13.6,0.5,865618,30427,835190
"Canada",1980,29.2,37.9,42.2,33.6,7166130,3222664,3943466
"Canada",1981,28.4,36.3,40.1,32.5,6990103,3179130,3810974
"Canada",1982,27.7,35.5,39,32.1,6942431,3183268,3759163
"Canada",1983,27,34.8,38,31.8,6906364,3197357,3709007
"Canada",1984,26,34.1,36.8,31.5,6851889,3211427,3640462
"Canada",1985,24.8,33.4,35.6,31.2,6794153,3226872,3567280
"Canada",1986,23.7,32.8,34.7,31,6765748,3247940,3517808
"Canada",1987,22.8,32,33.6,30.5,6689574,3236307,3453267
"Canada",1988,21.9,31.1,32.4,29.8,6598797,3215258,3383538